Student_ID,Name,Department,Python,Database,Mathematics,Communication,AI,Attendance
101,Aarav,AIML,78,84,72,81,88,92
102,Ananya,CSE,91,89,94,86,90,96
103,Rohan,AIML,67,73,70,76,69,85
104,Priya,IT,82,79,88,84,77,91
105,Kunal,CSE,55,62,58,64,61,72
106,Neha,AIML,88,93,85,90,87,95
107,Aditya,IT,74,68,79,71,76,80
108,Sneha,CSE,96,92,89,94,91,97
109,Vikash,AIML,61,65,59,68,63,78
110,Isha,IT,84,81,86,79,83,90
111,Rahul,CSE,48,56,52,60,54,68
112,Simran,AIML,73,77,71,75,80,88
113,Manish,IT,69,64,73,67,70,76
114,Kavya,CSE,89,86,92,88,85,94
115,Nitin,AIML,58,61,55,63,60,70
116,Pooja,IT,79,83,81,77,85,89
117,Sahil,CSE,72,70,75,69,74,82
118,Riya,AIML,93,95,91,89,94,98
119,Deepak,IT,64,59,66,62,68,74
120,Megha,CSE,86,88,84,90,87,93
121,Arjun,AIML,77,71,80,74,79,86
122,Tanya,IT,68,75,70,73,67,83
123,Mohit,CSE,52,49,57,55,60,65
124,Komal,AIML,81,85,78,83,80,92
125,Varun,IT,71,69,74,72,76,79
126,Nisha,CSE,90,87,93,91,89,96
127,Harsh,AIML,63,68,61,66,65,75
128,Aditi,IT,85,80,88,82,84,91
129,Yash,CSE,57,60,54,62,58,71
130,Sakshi,AIML,94,90,96,93,92,97
